time,open,close,high,low,volume
2021-06-01 04:00:00,3.1404,3.1459,3.1459,3.1401,108.76281318
2021-06-01 04:15:00,3.1523,3.1523,3.1523,3.1523,7.74869865
2021-06-01 04:30:00,3.1585,3.158,3.1585,3.158,2.5225662399999997
2021-06-01 05:15:00,3.1829,3.1829,3.1829,3.1829,2.49968179
2021-06-01 05:30:00,3.2073,3.2161,3.2161,3.2073,6.29162437
2021-06-01 05:45:00,3.2317,3.247,3.247,3.2317,122.96311436
2021-06-01 06:00:00,3.2326,3.2536,3.2536,3.231,449.66225805
2021-06-01 06:15:00,3.2073,3.216,3.216,3.2072,204.19254196
2021-06-01 06:30:00,3.1982,3.1738,3.1982,3.1704,66.21250145
2021-06-01 06:45:00,3.1779,3.1899,3.1899,3.1779,19.1775536
2021-06-01 07:00:00,3.2073,3.2089,3.2089,3.2073,3.0847963299999996
2021-06-01 07:15:00,3.1829,3.1829,3.1829,3.1829,2.49968179
2021-06-01 07:30:00,3.179,3.1885,3.1885,3.1781,5.19269906
2021-06-01 07:45:00,3.191,3.1897,3.191,3.1887,22.97497911
2021-06-01 08:00:00,3.1649,3.1309,3.1649,3.1265,19.07555333
2021-06-01 08:15:00,3.1136,3.0839,3.1235,3.0799,6009.6696038
2021-06-01 08:30:00,3.0609,3.0591,3.0609,3.0493,139.36239208
2021-06-01 08:45:00,3.0365,3.0699,3.0699,3.0365,42.00204414
2021-06-01 09:00:00,3.0822,3.0927,3.0971,3.0816,89.69804797
2021-06-01 09:15:00,3.0801,3.0676,3.0805,3.0609,23.55300712
2021-06-01 09:30:00,3.0535,3.0498,3.0535,3.0329,1629.7698341100001
2021-06-01 09:45:00,3.0464,3.0503,3.0609,3.0365,186.0792184
2021-06-01 10:00:00,3.0426,3.083,3.083,3.0426,42.82917003
2021-06-01 10:15:00,3.0836,3.111,3.1111,3.0836,68.08713172
2021-06-01 10:30:00,3.092,3.1243,3.1243,3.092,44.35696267
2021-06-01 10:45:00,3.1341,3.1874,3.2073,3.129,3721.39778771
2021-06-01 11:00:00,3.1634,3.1634,3.1656,3.1579,15.22972159
2021-06-01 11:15:00,3.1567,3.1904,3.1909,3.1567,311.23131813000003
2021-06-01 11:30:00,3.2001,3.2135,3.2135,3.2001,6.31097029
2021-06-01 12:00:00,3.1829,3.1536,3.1877,3.1536,6.12486483
2021-06-01 12:15:00,3.1531,3.1337,3.1706,3.1337,37.78244504
2021-06-01 12:30:00,3.148,3.1658,3.1667,3.148,807.1925185
2021-06-01 12:45:00,3.1341,3.1352,3.1352,3.1266,3.70159711
2021-06-01 13:00:00,3.1097,3.0756,3.1261,3.073,10.99864694
2021-06-01 13:15:00,3.0632,3.1341,3.1341,3.0624,647.70715769
2021-06-01 13:30:00,3.1383,3.1865,3.1865,3.1383,5.915228819999999
2021-06-01 13:45:00,3.1822,3.1663,3.1834,3.1582,3.40864308
2021-06-01 14:00:00,3.1829,3.1847,3.1847,3.1829,2.56021454
2021-06-01 14:15:00,3.1585,3.1618,3.1701,3.1512,27.40909257
2021-06-01 14:30:00,3.1829,3.1661,3.1829,3.1661,16.78296228
2021-06-01 14:45:00,3.1585,3.1244,3.1585,3.1216,20.46239579
2021-06-01 15:00:00,3.1265,3.1067,3.1265,3.1033,11.124659099999999
2021-06-01 15:30:00,3.0853,3.1097,3.1097,3.0853,5.75721515
2021-06-01 16:00:00,3.1114,3.1154,3.1341,3.0967,41.866285
2021-06-01 16:15:00,3.1341,3.1341,3.1341,3.1341,2.49968179
2021-06-01 16:30:00,3.1097,3.1177,3.1177,3.1097,3.44150505
2021-06-01 16:45:00,3.1172,3.083,3.1172,3.0749,39.44773454
2021-06-01 17:00:00,3.0609,3.0609,3.0609,3.0609,2.49968179
2021-06-01 17:15:00,3.0648,3.0779,3.0779,3.0648,0.8657312500000001
2021-06-01 17:30:00,3.0853,3.1099,3.1099,3.0853,5.21581971
2021-06-01 17:45:00,3.0963,3.1045,3.1045,3.0963,4.45810463
2021-06-01 18:00:00,3.1341,3.1313,3.1341,3.13,49.43827703
2021-06-01 18:30:00,3.1392,3.149,3.149,3.1392,805.9872865399999
2021-06-01 19:00:00,3.1097,3.0874,3.1106,3.0853,7.17522929
2021-06-01 19:15:00,3.0742,3.0916,3.0916,3.0742,0.45039065999999994
2021-06-01 19:30:00,3.0609,3.0359,3.0609,3.0331,7.24113597
2021-06-01 19:45:00,3.0259,3.0039,3.0259,2.9938,6515.4961652
2021-06-01 20:00:00,3.014,3.0223,3.0365,3.0059,1126.59429844
2021-06-01 20:15:00,3.032,3.0338,3.0365,3.0314,872.71819365
2021-06-01 20:45:00,3.033,3.0286,3.033,3.0286,825.59969746
2021-06-01 21:00:00,3.0447,3.0563,3.0563,3.0447,60.05366147
2021-06-01 21:45:00,3.0347,3.0668,3.0668,3.0347,51.28348424
2021-06-01 22:00:00,3.0797,3.0877,3.0884,3.0797,18.44779736
2021-06-01 22:15:00,3.0768,3.0734,3.0812,3.0618,50.01420426
2021-06-01 22:45:00,3.0609,3.065,3.0656,3.0452,43.40820153
2021-06-01 23:00:00,3.0832,3.0939,3.0939,3.08,10.51233758
2021-06-01 23:15:00,3.0897,3.0929,3.0929,3.0897,4.12658599
2021-06-01 23:30:00,3.0987,3.1137,3.1137,3.0987,15.736224239999999
2021-06-02 00:00:00,3.1213,3.0912,3.1341,3.0908,26.119865660000002
2021-06-02 00:15:00,3.0853,3.075,3.0878,3.0609,1838.87059546
2021-06-02 00:30:00,3.0679,3.0853,3.0853,3.0679,2.72562037
2021-06-02 00:45:00,3.075,3.0756,3.0756,3.075,11.91759996
2021-06-02 01:00:00,3.0908,3.0527,3.0908,3.0501,3.0820156499999998
2021-06-02 01:15:00,3.0572,3.0564,3.0672,3.0442,1.31206732
2021-06-02 01:30:00,3.0564,3.0564,3.0564,3.0564,3.98504081
2021-06-02 01:45:00,3.0708,3.0708,3.0708,3.0708,3.97832702
2021-06-02 02:00:00,3.0853,3.1114,3.1171,3.0793,60.48731068
2021-06-02 02:15:00,3.1297,3.1341,3.1341,3.1125,14.470608200000001
2021-06-02 02:30:00,3.1242,3.134,3.1351,3.1236,12.21032374
2021-06-02 02:45:00,3.1344,3.1344,3.1344,3.1344,0.03849946
2021-06-02 03:00:00,3.1524,3.1916,3.1916,3.1524,666.7851520199999
2021-06-02 03:15:00,3.1585,3.1635,3.1643,3.1519,4.2195669
2021-06-02 03:30:00,3.1556,3.1609,3.161,3.1556,0.32407980999999997
2021-06-02 04:00:00,3.1468,3.1573,3.1573,3.1468,12.11316279
2021-06-02 04:30:00,3.1829,3.1805,3.1829,3.1783,2.75947077
2021-06-02 04:45:00,3.1745,3.1704,3.1745,3.1683,1844.08690365
2021-06-02 05:00:00,3.1712,3.1408,3.1729,3.1408,7.8932264199999995
2021-06-02 05:15:00,3.1515,3.1512,3.1515,3.1436,0.48780334999999997
2021-06-02 05:45:00,3.1829,3.1829,3.1829,3.1829,2.49968179
2021-06-02 06:00:00,3.1858,3.1828,3.1858,3.1672,4.51993087
2021-06-02 06:30:00,3.1585,3.1617,3.1617,3.1585,3.33092563
2021-06-02 06:45:00,3.1658,3.1829,3.1829,3.1658,2.5114580099999997
2021-06-02 07:00:00,3.2073,3.247,3.247,3.2073,21.37617736
2021-06-02 07:15:00,3.256,3.2811,3.2811,3.256,27.520057339999997
2021-06-02 07:30:00,3.2875,3.3004,3.316,3.2875,379.25623401999997
2021-06-02 07:45:00,3.3027,3.2793,3.3027,3.2793,25.350082869999998
2021-06-02 08:00:00,3.2856,3.2826,3.2882,3.2778,326.2719988
2021-06-02 08:15:00,3.2826,3.3048,3.3048,3.2826,28.449238
2021-06-02 08:30:00,3.3292,3.4158,3.4343,3.3292,4810.96620371
2021-06-02 08:45:00,3.4024,3.3899,3.4024,3.3826,950.66606541
2021-06-02 09:00:00,3.4268,3.4483,3.4512,3.4125,1503.77457841
2021-06-02 09:15:00,3.4411,3.4449,3.4449,3.4351,0.5221265
2021-06-02 09:30:00,3.458,3.4636,3.4825,3.458,373.90933998
2021-06-02 09:45:00,3.4534,3.4499,3.4534,3.4452,334.93585361
2021-06-02 10:00:00,3.4498,3.4112,3.4498,3.405,69.14734394
2021-06-02 10:15:00,3.4217,3.4301,3.4301,3.41,249.71243891999998
2021-06-02 10:30:00,3.4507,3.4801,3.4801,3.4507,8.59688985
2021-06-02 10:45:00,3.4611,3.4463,3.4611,3.4309,142.64066891
2021-06-02 11:00:00,3.4387,3.4077,3.4387,3.4077,10.22708589
2021-06-02 11:15:00,3.4054,3.4197,3.4268,3.4024,229.78418557
2021-06-02 11:30:00,3.4268,3.4286,3.4286,3.4268,2.36268504
2021-06-02 11:45:00,3.4512,3.4443,3.4512,3.4392,24.06088324
2021-06-02 12:00:00,3.4415,3.4425,3.4444,3.4415,1187.71687455
2021-06-02 12:15:00,3.4497,3.4594,3.4642,3.4497,945.74037635
2021-06-02 12:30:00,3.4268,3.4276,3.4276,3.4268,3.45778587
2021-06-02 13:00:00,3.4024,3.4093,3.4093,3.4024,3.25253389
2021-06-02 13:15:00,3.4268,3.4512,3.4512,3.4258,16.42306017
2021-06-02 13:30:00,3.4702,3.4717,3.4765,3.4589,40.08720134
2021-06-02 13:45:00,3.4512,3.4467,3.4512,3.4454,10.4184122
2021-06-02 14:00:00,3.4756,3.4756,3.4883,3.4512,4962.15302556
2021-06-02 14:15:00,3.4979,3.5318,3.5318,3.4979,1151.19726574
2021-06-02 14:30:00,3.5137,3.5243,3.5487,3.5099,273.87033736
2021-06-02 14:45:00,3.5243,3.4817,3.5243,3.4817,139.70668103
2021-06-02 15:00:00,3.4927,3.5025,3.5025,3.4895,1.84886098
2021-06-02 15:15:00,3.5243,3.5213,3.5437,3.5187,2523.4190602
2021-06-02 15:30:00,3.5192,3.5267,3.5267,3.5182,100.08945145
2021-06-02 15:45:00,3.5276,3.5487,3.5487,3.5276,1521.22091603
2021-06-02 16:00:00,3.5243,3.5243,3.5243,3.5,8.791541859999999
2021-06-02 16:30:00,3.5,3.4753,3.5,3.4621,411.06045092000005
2021-06-02 16:45:00,3.4534,3.4541,3.4608,3.4451,35.35851862
2021-06-02 17:15:00,3.4514,3.4525,3.4636,3.435,5937.37008538
2021-06-02 17:30:00,3.4498,3.4741,3.4765,3.4498,13.41426154
2021-06-02 18:00:00,3.4823,3.4778,3.4823,3.4778,60.780696879999994
2021-06-02 18:15:00,3.4709,3.472,3.472,3.4708,10.76865493
2021-06-02 18:30:00,3.4735,3.4803,3.4803,3.4596,741.2651751599999
2021-06-02 19:15:00,3.4854,3.4836,3.4854,3.4836,21.00364543
2021-06-02 19:30:00,3.4749,3.4703,3.4749,3.4703,1833.84889596
2021-06-02 20:00:00,3.483,3.4464,3.4887,3.4464,6329.53505318
2021-06-02 20:15:00,3.4268,3.446,3.4598,3.4268,1791.38403399
2021-06-02 20:30:00,3.4432,3.4377,3.4556,3.4213,6430.88310165
2021-06-02 20:45:00,3.4566,3.4684,3.4756,3.4265,3152.1615486
2021-06-02 21:00:00,3.4821,3.4821,3.4821,3.4821,0.21351225
2021-06-02 21:15:00,3.4806,3.4766,3.4806,3.4629,1754.41283353
2021-06-02 21:30:00,3.4873,3.4943,3.4943,3.4873,24.84855684
2021-06-02 21:45:00,3.489,3.4635,3.489,3.4635,157.35834764
2021-06-02 22:00:00,3.4533,3.4613,3.4613,3.4488,3.6274316
2021-06-02 22:15:00,3.4268,3.4101,3.4268,3.4101,25.601691759999998
2021-06-02 22:30:00,3.4176,3.3763,3.4274,3.3736,1998.32503967
2021-06-02 22:45:00,3.4024,3.4117,3.4141,3.4024,1009.17720276
2021-06-02 23:00:00,3.3996,3.4283,3.4323,3.3996,528.55059579
2021-06-02 23:15:00,3.425,3.4251,3.4251,3.4152,941.8779713299999
2021-06-02 23:30:00,3.433,3.4024,3.433,3.4024,220.31021428
2021-06-02 23:45:00,3.3934,3.3792,3.3935,3.378,4.46445413
2021-06-03 00:00:00,3.3799,3.3637,3.3799,3.3536,6.889523179999999
2021-06-03 00:15:00,3.3401,3.3743,3.3744,3.3368,22.98477079
2021-06-03 01:00:00,3.378,3.3901,3.3901,3.3767,2.62214644
2021-06-03 01:15:00,3.3809,3.3951,3.4024,3.3686,2810.24015254
2021-06-03 01:30:00,3.3743,3.3739,3.3743,3.3676,1.12675017
2021-06-03 01:45:00,3.3536,3.3468,3.3536,3.3434,3.4662412299999996
2021-06-03 02:15:00,3.3685,3.3685,3.3685,3.3685,3.62015791
2021-06-03 02:30:00,3.3537,3.3699,3.3836,3.3537,43.23475342
2021-06-03 02:45:00,3.3768,3.3735,3.378,3.3536,6.40184655
2021-06-03 03:15:00,3.4024,3.3998,3.4024,3.3958,20.43383383
2021-06-03 03:30:00,3.4268,3.4268,3.4268,3.4268,2.49968179
2021-06-03 03:45:00,3.431,3.4512,3.4512,3.431,25.431926269999998
2021-06-03 04:00:00,3.4512,3.4739,3.4756,3.4512,5.10892295
2021-06-03 05:00:00,3.4944,3.4968,3.4968,3.4869,528.65546369
2021-06-03 05:30:00,3.5,3.4973,3.5,3.4946,1.38270535
2021-06-03 05:45:00,3.4995,3.4995,3.4995,3.4995,0.00810625
2021-06-03 06:15:00,3.5,3.5084,3.5084,3.5,22.01599305
2021-06-03 06:30:00,3.5141,3.542,3.5487,3.5141,25.87551464
2021-06-03 06:45:00,3.552,3.552,3.552,3.552,0.19298666
2021-06-03 07:00:00,3.5248,3.5056,3.5285,3.4946,3420.65445614
2021-06-03 07:15:00,3.4759,3.5248,3.5248,3.4756,6645.00726656
2021-06-03 07:30:00,3.5,3.4897,3.5,3.4858,4468.68302415
2021-06-03 07:45:00,3.4756,3.4805,3.4853,3.4609,1776.2285367299999
2021-06-03 08:00:00,3.4917,3.5,3.5,3.4512,5535.21738121
2021-06-03 08:15:00,3.5243,3.5261,3.5261,3.5243,2.57207915
2021-06-03 08:30:00,3.5353,3.5291,3.5353,3.5118,3023.01339084
2021-06-03 08:45:00,3.5,3.5019,3.5019,3.4983,3.4933968699999998
2021-06-03 09:00:00,3.5224,3.5648,3.5648,3.5224,6627.0359527
2021-06-03 09:15:00,3.5647,3.5671,3.5671,3.5647,6.83850493
2021-06-03 09:30:00,3.5731,3.5731,3.5731,3.5731,2.49968179
2021-06-03 09:45:00,3.5616,3.5658,3.5658,3.553,3088.99367105
2021-06-03 10:00:00,3.5923,3.5923,3.5923,3.5923,1.12222475
2021-06-03 10:15:00,3.575,3.5486,3.575,3.5484,2828.98282585
2021-06-03 10:45:00,3.5479,3.5512,3.5512,3.5479,10.307210940000001
2021-06-03 11:00:00,3.545,3.5086,3.545,3.4951,3096.96910317
2021-06-03 11:15:00,3.4756,3.4582,3.4756,3.4565,14.716017110000001
2021-06-03 11:45:00,3.4749,3.4447,3.4794,3.439,949.57918941
2021-06-03 12:00:00,3.445,3.4195,3.445,3.4195,2437.39336995
2021-06-03 12:30:00,3.4512,3.4512,3.4512,3.4512,2.49968179
2021-06-03 13:00:00,3.4756,3.4756,3.4756,3.4756,2.49968179
2021-06-03 13:15:00,3.4512,3.452,3.453,3.4452,342.5674934
2021-06-03 13:30:00,3.4521,3.3834,3.456,3.3834,1241.53886127
2021-06-03 13:45:00,3.3909,3.3978,3.4043,3.3833,1247.56651848
2021-06-03 14:00:00,3.4001,3.4217,3.4268,3.4001,437.65453712
2021-06-03 14:15:00,3.4139,3.4053,3.4139,3.3972,694.05276788
2021-06-03 14:30:00,3.4148,3.4001,3.4152,3.3999,7.71199386
2021-06-03 14:45:00,3.4011,3.4011,3.4011,3.4011,10.7060879
2021-06-03 15:00:00,3.4268,3.4296,3.4296,3.4259,2.64659087
2021-06-03 15:45:00,3.4024,3.4073,3.4131,3.3915,571.70058267
2021-06-03 16:15:00,3.4268,3.4512,3.4512,3.4255,9.26326697
2021-06-03 16:45:00,3.4688,3.4688,3.4688,3.4688,3.4954981
2021-06-03 17:15:00,3.4756,3.4756,3.4756,3.4756,2.49968179
2021-06-03 17:45:00,3.4629,3.451,3.4629,3.4432,42.01614903
2021-06-03 18:30:00,3.4268,3.4512,3.4512,3.4243,5.74952382
2021-06-03 18:45:00,3.4464,3.4291,3.4535,3.4268,21.0045874
2021-06-03 20:00:00,3.4024,3.4024,3.4024,3.4024,2.49968179
2021-06-03 20:15:00,3.3981,3.404,3.4106,3.3943,1491.166384
2021-06-03 20:30:00,3.412,3.4143,3.4215,3.4091,2314.39221518
2021-06-03 20:45:00,3.4142,3.429,3.429,3.4132,1368.41911785
2021-06-03 21:00:00,3.4403,3.4351,3.4403,3.4351,1.34180694
2021-06-03 21:15:00,3.4451,3.4451,3.4451,3.4451,51.887252
2021-06-03 21:30:00,3.4208,3.4244,3.426,3.4208,100.65719412
2021-06-03 21:45:00,3.4329,3.4119,3.4329,3.4116,0.67360636
2021-06-03 22:00:00,3.4105,3.4198,3.4339,3.4105,4778.061819590001
2021-06-03 22:30:00,3.4512,3.4516,3.4526,3.4512,206.91538201999998
2021-06-03 23:00:00,3.4268,3.4541,3.4611,3.4268,6.27875838
2021-06-03 23:15:00,3.4756,3.4756,3.4756,3.4756,2.49968179
2021-06-03 23:30:00,3.5,3.508,3.5098,3.5,23.18398179
2021-06-03 23:45:00,3.5196,3.4965,3.5196,3.4888,226.28297154
2021-06-04 00:00:00,3.4883,3.4271,3.4883,3.4228,259.40838536
2021-06-04 00:15:00,3.4297,3.4101,3.4364,3.4101,11.319178899999999
2021-06-04 00:30:00,3.4125,3.3927,3.4154,3.3917,3.3016075799999998
2021-06-04 01:00:00,3.3833,3.3562,3.3833,3.35,119.9591084
2021-06-04 01:15:00,3.3292,3.2723,3.3292,3.2133,1589.23327969
2021-06-04 01:30:00,3.2872,3.2589,3.2872,3.256,18.368267080000003
2021-06-04 01:45:00,3.24,3.2634,3.2634,3.2358,2139.59186157
2021-06-04 02:00:00,3.2377,3.2073,3.242,3.1829,25.95565181
2021-06-04 02:15:00,3.2187,3.2226,3.246,3.2187,22.75319539
2021-06-04 02:30:00,3.256,3.2585,3.2585,3.256,2.6166621599999997
2021-06-04 02:45:00,3.2804,3.2804,3.2804,3.2804,2.49968179
2021-06-04 03:00:00,3.2751,3.2685,3.2751,3.256,7.43484946
2021-06-04 03:15:00,3.2564,3.3074,3.3087,3.2558,2536.41993171
2021-06-04 03:30:00,3.3076,3.3147,3.3273,3.3076,17.21093
2021-06-04 04:15:00,3.2893,3.2654,3.2893,3.2585,12.19025501
2021-06-04 04:30:00,3.256,3.2559,3.256,3.2559,2.8507075299999998
2021-06-04 04:45:00,3.2716,3.2534,3.2716,3.248,0.7890156100000001
2021-06-04 05:00:00,3.2317,3.18,3.2317,3.18,3541.67058702
2021-06-04 05:15:00,3.1784,3.1607,3.1942,3.1585,27.49131469
2021-06-04 05:30:00,3.1635,3.118,3.1686,3.1097,27.40726842
2021-06-04 05:45:00,3.1341,3.14,3.1429,3.1144,255.24789953
2021-06-04 06:00:00,3.1477,3.1585,3.1585,3.1477,25.51021795
2021-06-04 06:15:00,3.1558,3.1664,3.1664,3.1523,1411.38483112
2021-06-04 06:30:00,3.1636,3.1722,3.1946,3.1636,2162.21974081
2021-06-04 06:45:00,3.1814,3.1814,3.1814,3.1814,0.69496929
2021-06-04 07:00:00,3.1585,3.1404,3.1688,3.1402,708.8882564099999
2021-06-04 07:15:00,3.1452,3.1333,3.1458,3.1222,1405.4287876
2021-06-04 07:30:00,3.152,3.1739,3.1739,3.152,204.85200096
2021-06-04 07:45:00,3.1829,3.2139,3.2317,3.1829,1656.66800805
2021-06-04 08:00:00,3.1983,3.2318,3.2318,3.1829,39.42633333
2021-06-04 08:15:00,3.2344,3.2608,3.2608,3.2344,36.20977104
2021-06-04 08:30:00,3.2317,3.2547,3.2547,3.2275,75.82059063
2021-06-04 08:45:00,3.2498,3.2351,3.2498,3.2319,19.6370644
2021-06-04 09:00:00,3.2238,3.2163,3.229,3.2073,22.38139911
2021-06-04 09:15:00,3.2162,3.2594,3.2594,3.2162,3567.31523617
2021-06-04 09:30:00,3.2708,3.2707,3.2714,3.2698,785.4974751699999
2021-06-04 09:45:00,3.2637,3.2684,3.2684,3.2609,11.41384235
2021-06-04 10:00:00,3.2804,3.2804,3.2804,3.2804,2.49968179
2021-06-04 10:45:00,3.3048,3.3037,3.3117,3.3009,5160.17297719
2021-06-04 11:00:00,3.2924,3.3292,3.3536,3.2887,1061.64265191
2021-06-04 11:15:00,3.3302,3.3479,3.3479,3.3048,3787.0302721599996
2021-06-04 11:30:00,3.3415,3.2923,3.3415,3.2923,21.50168837
2021-06-04 11:45:00,3.3003,3.3463,3.3636,3.3003,1256.89956624
2021-06-04 12:00:00,3.3415,3.3372,3.3415,3.3204,87.68123294
2021-06-04 12:15:00,3.3206,3.2906,3.3206,3.2906,892.4440442700001
2021-06-04 12:30:00,3.3123,3.378,3.378,3.3123,72.97600589
2021-06-04 12:45:00,3.4024,3.4268,3.4756,3.4024,796.5096000899999
2021-06-04 13:00:00,3.4512,3.4772,3.4772,3.4268,56.55697913
2021-06-04 13:15:00,3.5,3.6209,3.6464,3.5,7540.56904392
2021-06-04 13:30:00,3.6025,3.5944,3.6219,3.5731,1997.25039832
2021-06-04 13:45:00,3.5889,3.5765,3.6154,3.5373,3873.6395295
2021-06-04 14:00:00,3.5846,3.5,3.5846,3.5,531.60482186
2021-06-04 14:15:00,3.5155,3.5455,3.5455,3.5123,1380.17687707
2021-06-04 14:30:00,3.5483,3.5593,3.5593,3.5483,78.50014208
2021-06-04 14:45:00,3.5429,3.58,3.5975,3.5402,64.48663074
2021-06-04 15:00:00,3.583,3.5689,3.6149,3.5666,980.7532808
2021-06-04 15:15:00,3.5551,3.5105,3.5551,3.5105,110.57209809
2021-06-04 15:30:00,3.5204,3.5621,3.5621,3.5171,2998.22056368
2021-06-04 15:45:00,3.5731,3.5771,3.5771,3.5731,12.95029265
2021-06-04 16:00:00,3.5673,3.5365,3.5673,3.5192,4440.03019177
2021-06-04 16:15:00,3.5464,3.5389,3.5549,3.5175,2793.84905439
2021-06-04 16:30:00,3.5279,3.5547,3.5547,3.5279,669.74726882
2021-06-04 17:00:00,3.5445,3.5649,3.5649,3.5445,21.01060199
2021-06-04 17:15:00,3.5731,3.5975,3.5978,3.5701,3232.8818878399998
2021-06-04 17:30:00,3.5959,3.5905,3.5959,3.5887,0.30234748
2021-06-04 17:45:00,3.5766,3.5749,3.5766,3.5701,6.7240980299999995
2021-06-04 18:00:00,3.578,3.5532,3.5787,3.5487,13.76001243
2021-06-04 18:45:00,3.5731,3.6033,3.6033,3.5731,36.06146738
2021-06-04 19:00:00,3.597,3.5996,3.6014,3.597,23.63247205
2021-06-04 19:15:00,3.5911,3.5636,3.5911,3.5535,332.89220589999996
2021-06-04 19:30:00,3.5487,3.5196,3.5487,3.5133,1000.7800595900001
2021-06-04 19:45:00,3.5247,3.5,3.5247,3.4756,91.39552187
2021-06-04 20:00:00,3.5026,3.5026,3.5026,3.5026,0.24956255
2021-06-04 20:30:00,3.5174,3.4966,3.5174,3.4958,1.18516498
2021-06-04 21:00:00,3.5174,3.5174,3.5174,3.5174,0.24851313
2021-06-04 21:30:00,3.5028,3.4978,3.5028,3.4958,21.67145163
2021-06-04 22:00:00,3.4811,3.4795,3.4836,3.4756,6.9643521999999995
2021-06-04 22:15:00,3.4676,3.4682,3.4682,3.4512,14.46121454
2021-06-04 22:30:00,3.4734,3.4756,3.4756,3.4734,2.75134813
2021-06-04 23:00:00,3.452,3.3518,3.452,3.3518,420.81100457
2021-06-04 23:15:00,3.3725,3.4058,3.4058,3.3725,728.79952197
2021-06-04 23:30:00,3.4154,3.4211,3.4211,3.4142,0.32274652000000004
2021-06-04 23:45:00,3.4252,3.3945,3.4252,3.3732,29.91557354
2021-06-05 00:00:00,3.366,3.4298,3.4298,3.3518,11.80111907
2021-06-05 00:30:00,3.4443,3.4588,3.4588,3.4443,24.17036246
2021-06-05 00:45:00,3.4734,3.4879,3.4879,3.4734,3.00196178
2021-06-05 01:00:00,3.5,3.5,3.5,3.5,2.49968179
2021-06-05 01:15:00,3.5026,3.5065,3.5079,3.5026,0.27320918
2021-06-05 01:30:00,3.5174,3.5243,3.5243,3.5166,2.8011284300000003
2021-06-05 01:45:00,3.5298,3.5305,3.5305,3.5298,10.32488325
2021-06-05 02:00:00,3.5,3.5038,3.5038,3.4958,3.75736824
2021-06-05 02:30:00,3.4811,3.4584,3.4813,3.4512,7.66817858
2021-06-05 02:45:00,3.4634,3.4797,3.4797,3.4634,13.282837709999999
2021-06-05 03:15:00,3.4734,3.8953,3.9013,3.4734,13608.46076516
2021-06-05 03:30:00,3.8923,3.9578,3.9634,3.874,2158.37031785
2021-06-05 03:45:00,3.971,3.9353,3.9878,3.9169,952.92412574
2021-06-05 04:00:00,3.9169,3.898,3.9319,3.884,9.06932881
2021-06-05 04:15:00,3.8677,3.8688,3.889,3.8654,19.930348390000002
2021-06-05 04:30:00,3.8708,3.8677,3.908,3.8677,671.52686264
2021-06-05 04:45:00,3.872,3.9411,3.9411,3.8706,4.19698745
2021-06-05 05:00:00,3.9578,3.9283,3.9745,3.9169,2411.87495584
2021-06-05 05:15:00,3.9111,3.8921,3.9111,3.884,2652.10811332
2021-06-05 05:30:00,3.8961,3.9245,3.9245,3.8828,609.94670726
2021-06-05 05:45:00,3.9115,3.9181,3.9181,3.9086,381.76563757
2021-06-05 06:00:00,3.9128,3.9102,3.9194,3.9018,225.84591372
2021-06-05 06:15:00,3.9004,3.9066,3.9121,3.8992,0.58772419
2021-06-05 06:30:00,3.8926,3.9079,3.9079,3.8926,840.0754353
2021-06-05 07:00:00,3.9089,3.9568,3.9691,3.9038,1289.59712195
2021-06-05 07:15:00,3.9598,3.9519,3.9598,3.9504,12.70999955
2021-06-05 07:30:00,3.9335,3.9004,3.9335,3.9004,20.10064306
2021-06-05 07:45:00,3.8897,3.8963,3.8965,3.884,9.3436736
2021-06-05 08:00:00,3.9077,3.8825,3.916,3.8772,48.36900807
2021-06-05 08:30:00,3.8977,3.9151,3.9245,3.8969,196.1753788
2021-06-05 08:45:00,3.9213,3.9099,3.9213,3.9004,19.86179492
2021-06-05 09:00:00,3.9052,3.9008,3.9052,3.9003,15.77178747
2021-06-05 09:15:00,3.8994,3.8587,3.8994,3.8587,641.68338389
2021-06-05 09:30:00,3.863,3.8187,3.863,3.8187,1881.53471801
2021-06-05 09:45:00,3.8033,3.7816,3.8237,3.7653,579.37490125
2021-06-05 10:00:00,3.7944,3.7764,3.8104,3.7624,50.08065997
2021-06-05 10:15:00,3.7944,3.7944,3.7944,3.7944,0.23037103
2021-06-05 10:30:00,3.7711,3.778,3.778,3.7711,0.85311755
2021-06-05 10:45:00,3.7552,3.7542,3.7552,3.7394,85.8480685
2021-06-05 11:00:00,3.7487,3.6924,3.7487,3.6924,36.78369368
2021-06-05 11:15:00,3.6769,3.646,3.6841,3.6428,902.9019409199999
2021-06-05 11:30:00,3.642,3.6509,3.6686,3.642,21.6146779
2021-06-05 11:45:00,3.6595,3.6299,3.6595,3.6132,63.51980922
2021-06-05 12:00:00,3.6298,3.6502,3.6502,3.5701,461.65328855
2021-06-05 12:15:00,3.6531,3.6737,3.6762,3.646,21.52576181
2021-06-05 12:30:00,3.6661,3.6996,3.6996,3.6661,3.9813285400000002
2021-06-05 12:45:00,3.6769,3.6975,3.6975,3.6769,0.88511878
2021-06-05 13:15:00,3.6996,3.6996,3.6996,3.6996,0.236273
2021-06-05 13:30:00,3.6769,3.6461,3.6769,3.646,215.07751622
2021-06-05 13:45:00,3.6514,3.653,3.6783,3.6482,23.88531418
2021-06-05 14:00:00,3.646,3.6418,3.6542,3.6306,1.55452029
2021-06-05 14:15:00,3.6531,3.6996,3.6996,3.6531,20.65588232
2021-06-05 14:30:00,3.6769,3.6894,3.6924,3.6732,3400.79899333
2021-06-05 14:45:00,3.6872,3.6829,3.7152,3.6732,2261.98892747
2021-06-05 15:00:00,3.6996,3.6902,3.6996,3.6814,435.91587188
2021-06-05 15:15:00,3.7152,3.7722,3.7784,3.7152,827.20323127
2021-06-05 15:30:00,3.7632,3.7811,3.7944,3.7603,120.03233014
2021-06-05 15:45:00,3.7711,3.7864,3.7864,3.7632,551.37225869
2021-06-05 16:00:00,3.769,3.7413,3.7697,3.7394,882.75631765
2021-06-05 16:30:00,3.7625,3.7426,3.7637,3.7361,21.09285852
2021-06-05 16:45:00,3.7237,3.7224,3.7324,3.7185,20.47422495
2021-06-05 17:00:00,3.7467,3.699,3.7515,3.6956,11.65406698
2021-06-05 17:15:00,3.6986,3.7309,3.7309,3.6986,0.47560603
2021-06-05 17:30:00,3.708,3.7084,3.7084,3.704,10.81142889
2021-06-05 17:45:00,3.6924,3.6784,3.6924,3.6722,11.40507099
2021-06-05 18:00:00,3.6996,3.6996,3.6996,3.6996,0.236273
2021-06-05 18:15:00,3.7065,3.7065,3.7065,3.7065,9.82634825
2021-06-05 18:30:00,3.7046,3.7002,3.7046,3.6968,10.03184314
2021-06-05 18:45:00,3.6948,3.6929,3.6992,3.6905,0.50267249
2021-06-05 19:00:00,3.6769,3.6674,3.6769,3.6604,21.24693182
2021-06-05 19:15:00,3.6709,3.6841,3.6841,3.6702,0.29120451
2021-06-05 19:45:00,3.6614,3.6204,3.6614,3.6152,2592.81388755
2021-06-05 20:00:00,3.6122,3.6618,3.6618,3.6122,4.26747203
2021-06-05 20:15:00,3.656,3.6475,3.6612,3.6414,5.48907412
2021-06-05 20:45:00,3.6306,3.6531,3.6531,3.6137,18.72103517
2021-06-05 21:00:00,3.6306,3.627,3.6359,3.6154,8.1336859
2021-06-05 21:15:00,3.6002,3.5243,3.6002,3.5243,1597.97639056
2021-06-05 21:30:00,3.5471,3.5105,3.5485,3.4829,418.50579597
2021-06-05 21:45:00,3.5079,3.5179,3.5179,3.4938,1770.74455143
2021-06-05 22:00:00,3.5243,3.536,3.5374,3.5243,1423.0066567200001
2021-06-05 22:15:00,3.542,3.5827,3.5827,3.542,101.84330165
2021-06-05 22:30:00,3.5802,3.5676,3.5954,3.5551,150.27536965000002
2021-06-05 22:45:00,3.5543,3.5782,3.5782,3.5543,61.80056885
2021-06-05 23:00:00,3.5876,3.6158,3.6225,3.5876,930.21258729
2021-06-05 23:15:00,3.6139,3.5935,3.628,3.5935,1936.5319596900001
2021-06-05 23:30:00,3.5883,3.5887,3.5887,3.5878,0.18760288
2021-06-05 23:45:00,3.6225,3.6841,3.6841,3.6225,4116.60603997
2021-06-06 00:00:00,3.6694,3.6612,3.6899,3.6482,694.9709444800001
2021-06-06 00:30:00,3.6629,3.6841,3.6841,3.6629,203.34465233
2021-06-06 00:45:00,3.6614,3.6628,3.6628,3.6614,0.8881368199999999
2021-06-06 01:15:00,3.6841,3.6996,3.6996,3.6841,0.47354623
2021-06-06 01:30:00,3.692,3.7467,3.7467,3.6913,30.11712622
2021-06-06 01:45:00,3.7625,3.7944,3.7944,3.7625,7.12920715
2021-06-06 02:00:00,3.7906,3.8466,3.8466,3.7826,2976.34555826
2021-06-06 02:15:00,3.8568,3.8632,3.8916,3.8568,1545.63310799
2021-06-06 02:30:00,3.8675,3.8743,3.8916,3.8675,32.930535479999996
2021-06-06 02:45:00,3.8677,3.8916,3.8916,3.8677,13.186558459999999
2021-06-06 03:00:00,3.908,3.9733,3.9878,3.908,525.02545665
2021-06-06 03:15:00,3.9713,3.9421,3.9713,3.93,68.01541359999999
2021-06-06 03:30:00,3.9504,3.9745,3.9745,3.9417,1506.89430182
2021-06-06 03:45:00,3.99,4.0317,4.0593,3.99,453.62148351
2021-06-06 04:00:00,4.0378,4.0514,4.0907,4.0378,84.57343849
2021-06-06 04:15:00,4.0709,4.0252,4.0709,3.9949,1282.2366962
2021-06-06 04:30:00,4.0004,3.9882,4.0004,3.977,1.57751576
2021-06-06 04:45:00,3.9868,3.98,3.9868,3.9634,3592.84792944
2021-06-06 05:00:00,3.9862,3.9479,3.9882,3.9335,19.96232544
2021-06-06 05:15:00,3.9578,3.9578,3.9578,3.9578,0.22085984
2021-06-06 05:30:00,3.9694,3.9921,3.9921,3.9694,258.35427718
2021-06-06 05:45:00,3.9801,3.9392,3.9821,3.9392,53.73625301
2021-06-06 06:00:00,3.963,3.9606,3.963,3.9598,1.43876859
2021-06-06 06:15:00,3.9335,3.8799,3.9335,3.8677,3.20394639
2021-06-06 06:30:00,3.8808,3.908,3.908,3.8789,9.66077859
2021-06-06 06:45:00,3.884,3.8913,3.8922,3.884,0.82248393
2021-06-06 07:15:00,3.9053,3.9005,3.9073,3.9005,18.86818275
2021-06-06 07:30:00,3.908,3.9346,3.9411,3.908,29.36777542
2021-06-06 08:00:00,3.9169,3.9239,3.9239,3.9073,0.9088317400000001
2021-06-06 08:15:00,3.9004,3.91,3.91,3.8905,10.10626008
2021-06-06 08:30:00,3.9133,3.9245,3.9245,3.9133,0.31987288999999997
2021-06-06 08:45:00,3.9004,3.9411,3.9411,3.895,4.5793689
2021-06-06 09:00:00,3.9455,3.9517,3.9915,3.9335,684.7459814399999
2021-06-06 09:15:00,3.9169,3.8902,3.9169,3.884,5.6314208500000005
2021-06-06 09:30:00,3.9063,3.9082,3.9082,3.9063,18.87512453
2021-06-06 10:00:00,3.8959,3.8911,3.8959,3.8514,213.62889164
2021-06-06 10:15:00,3.8599,3.8526,3.8612,3.8437,61.14446422
2021-06-06 10:30:00,3.8352,3.8229,3.8433,3.8191,46.65218852
2021-06-06 10:45:00,3.8352,3.8532,3.8589,3.8352,19.48500868
2021-06-06 11:00:00,3.8589,3.844,3.8589,3.8382,28.55775163
2021-06-06 11:15:00,3.8239,3.8358,3.8358,3.8191,24.002721700000002
2021-06-06 11:30:00,3.8258,3.8427,3.8513,3.8181,3849.90948356
2021-06-06 12:00:00,3.8567,3.8589,3.8589,3.8567,9.65091838
2021-06-06 12:15:00,3.8559,3.8489,3.8559,3.8489,9.590720959999999
2021-06-06 12:30:00,3.8413,3.8431,3.8431,3.829,191.69568721000002
2021-06-06 12:45:00,3.8191,3.8261,3.8374,3.8191,60.80726697
2021-06-06 13:00:00,3.8337,3.8352,3.8589,3.8309,60.55387187
2021-06-06 13:15:00,3.837,3.7958,3.837,3.7819,1726.7449444
2021-06-06 13:30:00,3.8104,3.7974,3.8104,3.787,63.605667350000004
2021-06-06 13:45:00,3.7711,3.7597,3.7711,3.7394,20.98905721
2021-06-06 14:00:00,3.7784,3.7952,3.7975,3.7691,3.9480403699999997
2021-06-06 14:15:00,3.8104,3.8624,3.8752,3.8104,22.35204907
2021-06-06 14:30:00,3.8514,3.908,3.908,3.849,2.11605322
2021-06-06 14:45:00,3.9245,3.9115,3.9301,3.9115,6.44892953
2021-06-06 15:00:00,3.9411,3.9283,3.9411,3.9059,4030.0354660400003
2021-06-06 15:15:00,3.9045,3.9168,3.9232,3.903,578.71489414
2021-06-06 15:30:00,3.903,3.883,3.903,3.8829,7.27552206
2021-06-06 15:45:00,3.8973,3.8983,3.8983,3.8973,9.35029508
2021-06-06 16:00:00,3.903,3.9046,3.908,3.903,6.427009
2021-06-06 16:15:00,3.9021,3.8878,3.9029,3.8826,12.8944697
2021-06-06 16:30:00,3.8858,3.903,3.903,3.8858,18.71626809
2021-06-06 17:15:00,3.8829,3.8352,3.8829,3.8352,1591.72331745
2021-06-06 17:30:00,3.8506,3.8513,3.8513,3.8506,9.4752154
2021-06-06 17:45:00,3.8285,3.8292,3.8292,3.8285,9.52537407
2021-06-06 18:00:00,3.8256,3.8368,3.8368,3.8256,0.66805503
2021-06-06 18:15:00,3.8233,3.8024,3.8233,3.8,42.93553582
2021-06-06 18:30:00,3.8228,3.8108,3.8235,3.8108,12.86129567
2021-06-06 18:45:00,3.8131,3.807,3.8195,3.8063,0.24106387999999998
2021-06-06 19:00:00,3.8036,3.8085,3.8085,3.8036,3.16557126
2021-06-06 19:15:00,3.8072,3.8012,3.808,3.7956,19.45002659
2021-06-06 19:45:00,3.8045,3.8065,3.8065,3.8045,15.95960458
2021-06-06 20:00:00,3.8129,3.8125,3.8329,3.803,67.86942303
2021-06-06 20:15:00,3.8229,3.8409,3.8427,3.8229,22.90967485
2021-06-06 20:45:00,3.8431,3.8571,3.8571,3.8431,12.591977700000001
2021-06-06 21:00:00,3.8367,3.8525,3.8525,3.8367,0.59238531
2021-06-06 21:30:00,3.8589,3.863,3.863,3.8589,3.3088381
2021-06-06 22:15:00,3.8454,3.8418,3.8454,3.831,26.25300874
2021-06-06 22:30:00,3.8233,3.7915,3.8233,3.7892,26.34714539
2021-06-06 22:45:00,3.7908,3.8309,3.8309,3.7908,10.00769182
2021-06-06 23:00:00,3.8251,3.8412,3.8438,3.8251,3.782484
2021-06-06 23:15:00,3.8429,3.8356,3.8429,3.8261,0.80736129
2021-06-06 23:45:00,3.8589,3.903,3.903,3.8589,13.63843369
2021-06-07 00:00:00,3.8829,3.8906,3.9065,3.8352,229.6016085
2021-06-07 00:15:00,3.8946,3.903,3.903,3.8919,3.2945588199999998
2021-06-07 00:30:00,3.8829,3.8725,3.8856,3.8724,3.86542875
2021-06-07 00:45:00,3.8677,3.8662,3.8694,3.8514,4.10364017
2021-06-07 01:00:00,3.8431,3.8204,3.8431,3.8176,852.35345866
2021-06-07 01:15:00,3.8156,3.8228,3.8228,3.8156,0.07227116
2021-06-07 01:45:00,3.8427,3.8561,3.8589,3.8427,3.82639815
2021-06-07 02:00:00,3.8433,3.8353,3.8433,3.8331,16.612394339999998
2021-06-07 02:15:00,3.8331,3.8287,3.8389,3.8234,19.32140609
2021-06-07 02:30:00,3.8233,3.8331,3.8331,3.8233,55.41626658
2021-06-07 02:45:00,3.8398,3.8431,3.8431,3.8398,12.57413119
2021-06-07 03:00:00,3.8437,3.83,3.8437,3.8291,19.27654245
2021-06-07 03:15:00,3.8272,3.8262,3.8272,3.8191,677.1742016200001
2021-06-07 03:30:00,3.8207,3.7987,3.8244,3.7936,13.76778744
2021-06-07 04:00:00,3.8233,3.8292,3.8296,3.8166,3.70470461
2021-06-07 05:30:00,3.8036,3.8115,3.8115,3.803,4.02374619
2021-06-07 05:45:00,3.8233,3.8293,3.8293,3.8233,3.35181424
2021-06-07 06:00:00,3.8036,3.8066,3.8066,3.803,3.95215897
2021-06-07 06:45:00,3.7909,3.7646,3.7909,3.7646,734.26712938
2021-06-07 07:00:00,3.7668,3.7668,3.7668,3.7668,0.03127602
2021-06-07 07:15:00,3.7591,3.7712,3.7712,3.7591,12.95518044
2021-06-07 07:30:00,3.784,3.7918,3.7918,3.784,25.5139795
2021-06-07 08:00:00,3.7986,3.778,3.8036,3.778,25.97236913
2021-06-07 08:15:00,3.7793,3.7687,3.786,3.7599,3.92538787
2021-06-07 08:30:00,3.7681,3.7709,3.7709,3.7681,32.223833920000004
2021-06-07 09:00:00,3.7452,3.7646,3.7646,3.7452,6.1646348
2021-06-07 09:15:00,3.7739,3.7654,3.7747,3.7654,0.14147337
2021-06-07 09:30:00,3.784,3.7908,3.7908,3.7808,3.31366846
2021-06-07 09:45:00,3.7789,3.7807,3.7807,3.7789,0.34940269
2021-06-07 10:00:00,3.8036,3.7984,3.8036,3.7984,3.14084029
2021-06-07 10:15:00,3.802,3.8233,3.8233,3.802,3.14552547
2021-06-07 11:00:00,3.826,3.8453,3.8453,3.826,843.45692193
2021-06-07 11:15:00,3.8461,3.8461,3.8461,3.8461,0.00547102
2021-06-07 11:30:00,3.8334,3.8231,3.8416,3.8187,219.99856954
2021-06-07 11:45:00,3.8188,3.8056,3.8221,3.8036,351.99515056
2021-06-07 12:15:00,3.8233,3.8191,3.8239,3.8191,13.16984425
2021-06-07 12:30:00,3.8425,3.8476,3.8502,3.8425,3.29311287
2021-06-07 13:15:00,3.8233,3.8238,3.8238,3.8209,3.78930617
2021-06-07 13:30:00,3.8301,3.8301,3.8301,3.8301,3.17164307
2021-06-07 13:45:00,3.8036,3.8092,3.8092,3.8036,168.8253049
2021-06-07 14:00:00,3.784,3.7821,3.7962,3.7722,17.34894436
2021-06-07 14:30:00,3.7646,3.7675,3.7675,3.7515,20.31562748
2021-06-07 14:45:00,3.7554,3.7586,3.7646,3.7394,59.9430751
2021-06-07 15:00:00,3.7452,3.742,3.7486,3.7396,3.65626268
2021-06-07 15:15:00,3.7646,3.7659,3.767,3.7548,11.42308986
2021-06-07 15:45:00,3.7452,3.7522,3.7522,3.7434,3.81195879
2021-06-07 16:00:00,3.7478,3.7389,3.7478,3.7382,26.20843867
2021-06-07 16:15:00,3.7259,3.6969,3.7259,3.683,96.56277713
2021-06-07 16:30:00,3.7067,3.7126,3.7274,3.6991,39.471452400000004
2021-06-07 16:45:00,3.714,3.7097,3.7145,3.699,16.84408414
2021-06-07 17:00:00,3.6877,3.6819,3.6897,3.6819,4.1842858
2021-06-07 17:15:00,3.7067,3.7067,3.7067,3.7067,3.0823174
2021-06-07 17:30:00,3.6877,3.6746,3.6877,3.6746,3.80739404
2021-06-07 17:45:00,3.6776,3.68,3.68,3.6688,0.43979078
2021-06-07 18:00:00,3.6687,3.642,3.6687,3.642,26.85445013
2021-06-07 18:15:00,3.6549,3.6578,3.663,3.6351,167.06041219000002
2021-06-07 18:30:00,3.6666,3.656,3.6666,3.6503,3.03541016
2021-06-07 18:45:00,3.637,3.6235,3.6537,3.6213,31.34598232
2021-06-07 19:00:00,3.6123,3.6112,3.6325,3.6112,23.53583519
2021-06-07 19:15:00,3.6048,3.6123,3.6123,3.5937,6.726680630000001
2021-06-07 19:30:00,3.631,3.631,3.631,3.631,3.0823174
2021-06-07 20:00:00,3.6498,3.6498,3.6498,3.6498,3.0823174
2021-06-07 20:15:00,3.631,3.6364,3.6364,3.631,3.52297894
2021-06-07 20:45:00,3.6123,3.5404,3.6123,3.5022,240.93184295
2021-06-07 21:00:00,3.5279,3.4712,3.5398,3.4663,1062.22511427
2021-06-07 21:15:00,3.4484,3.4225,3.4682,3.409,192.76408949
2021-06-07 21:30:00,3.4236,3.4209,3.4506,3.413,35.37583157
2021-06-07 21:45:00,3.4307,3.4483,3.4483,3.4256,13.396237170000001
2021-06-07 22:00:00,3.413,3.4924,3.5022,3.413,47.75536123
2021-06-07 22:15:00,3.4932,3.4795,3.4932,3.4788,14.22903361
2021-06-07 22:30:00,3.4845,3.4648,3.4849,3.4484,10.6110941
2021-06-07 23:00:00,3.4484,3.4335,3.4486,3.4307,17.88508129
2021-06-07 23:15:00,3.413,3.413,3.413,3.3606,289.75551756
2021-06-07 23:30:00,3.4307,3.3838,3.4307,3.378,30.43063346
2021-06-07 23:45:00,3.368,3.3954,3.3954,3.3565,960.9954628200001
2021-06-08 00:00:00,3.413,3.4484,3.4484,3.3954,4518.73443162
2021-06-08 00:15:00,3.4307,3.362,3.4336,3.3606,103.15579939
2021-06-08 00:30:00,3.3546,3.2867,3.3666,3.2846,113.37254265
2021-06-08 00:45:00,3.277,3.3261,3.3261,3.277,1810.82044469
2021-06-08 01:00:00,3.3107,3.345,3.3606,3.3107,11.21916934
2021-06-08 01:15:00,3.3614,3.3614,3.3614,3.3614,0.37733214
2021-06-08 01:30:00,3.3433,3.3252,3.3433,3.3156,1999.8380035999999
2021-06-08 01:45:00,3.3433,3.3433,3.3433,3.3433,3.0823174
2021-06-08 02:00:00,3.3261,3.34,3.34,3.3146,259.69094979
2021-06-08 02:15:00,3.3433,3.3348,3.3433,3.3222,6.8625436
2021-06-08 02:30:00,3.309,3.2581,3.309,3.2414,50.10180461
2021-06-08 02:45:00,3.2414,3.1653,3.2414,3.121,4112.1847887
2021-06-08 03:00:00,3.1752,3.1312,3.1752,3.1312,45.482279070000004
2021-06-08 03:15:00,3.1449,3.1368,3.1598,3.1097,1388.76401497
2021-06-08 03:30:00,3.1426,3.1916,3.1916,3.1426,31.1646348
2021-06-08 03:45:00,3.1913,3.2133,3.2133,3.1913,22.98612867
2021-06-08 04:00:00,3.2031,3.2422,3.2422,3.2026,34.61964047
2021-06-08 04:15:00,3.2247,3.1916,3.227,3.1916,215.99261486
2021-06-08 04:30:00,3.2027,3.1929,3.2119,3.1912,7.36611721
2021-06-08 04:45:00,3.2081,3.2128,3.2247,3.2081,9.77629887
2021-06-08 05:00:00,3.2247,3.2283,3.2283,3.2247,3.13547414
2021-06-08 05:15:00,3.2081,3.1588,3.2081,3.1588,22.24201836
2021-06-08 05:30:00,3.1582,3.1745,3.1745,3.1338,427.15484437000003
2021-06-08 05:45:00,3.1752,3.2081,3.2081,3.1752,9.31961115
2021-06-08 06:00:00,3.2064,3.1837,3.2217,3.1837,4.2693390099999995
2021-06-08 06:15:00,3.1851,3.1614,3.1851,3.1572,7.36337363
2021-06-08 06:30:00,3.1752,3.1929,3.2012,3.1667,4486.66320263
2021-06-08 06:45:00,3.176,3.1683,3.176,3.1588,26.55441823
2021-06-08 07:00:00,3.1426,3.2081,3.2081,3.1219,23.29913934
2021-06-08 07:15:00,3.2247,3.2581,3.2581,3.2025,23.71035105
2021-06-08 07:30:00,3.2572,3.2542,3.2572,3.2459,34.0360899
2021-06-08 07:45:00,3.2414,3.2041,3.2414,3.1948,1510.97547926
2021-06-08 08:00:00,3.2247,3.2415,3.2454,3.2247,5.10615851
2021-06-08 08:15:00,3.2581,3.2581,3.2581,3.2581,3.0823174
2021-06-08 08:30:00,3.2593,3.2607,3.2639,3.2516,211.05334815999998
2021-06-08 08:45:00,3.2558,3.2195,3.2558,3.2195,7.33725381
2021-06-08 09:00:00,3.2131,3.211,3.2196,3.2081,4.09420157
2021-06-08 09:15:00,3.1916,3.1849,3.1916,3.1849,3.7068027900000002
2021-06-08 09:30:00,3.1838,3.1812,3.1916,3.1752,455.79850246999996
2021-06-08 09:45:00,3.1887,3.1799,3.1887,3.1622,5530.82598333
2021-06-08 10:00:00,3.1662,3.1905,3.2081,3.156,35.52507932
2021-06-08 10:15:00,3.1919,3.1735,3.1926,3.1735,4.27266406
2021-06-08 10:30:00,3.1588,3.1859,3.1859,3.1537,37.69020712
2021-06-08 10:45:00,3.1588,3.1561,3.1819,3.154,10.40832352
2021-06-08 11:00:00,3.1586,3.2066,3.2066,3.1586,55.89538166
2021-06-08 11:15:00,3.2081,3.2234,3.2234,3.2081,29.53880594
2021-06-08 11:30:00,3.1916,3.2138,3.2138,3.183,26.48999647
2021-06-08 11:45:00,3.2247,3.2429,3.2429,3.2183,28.94587594
2021-06-08 12:00:00,3.2247,3.2257,3.2257,3.2247,3.72041706
2021-06-08 12:15:00,3.2319,3.2339,3.2339,3.2319,22.57389587
2021-06-08 12:30:00,3.2081,3.1752,3.2081,3.1752,33.35830385
2021-06-08 12:45:00,3.1717,3.1607,3.1718,3.1588,796.11998321
2021-06-08 13:00:00,3.1647,3.1373,3.1678,3.1264,220.65191576
2021-06-08 13:15:00,3.1376,3.0896,3.1376,3.0784,713.64851087
2021-06-08 13:30:00,3.0943,3.1068,3.1121,3.0943,47.97899289
2021-06-08 13:45:00,3.1103,3.0467,3.1103,3.0467,67.08725352
2021-06-08 14:00:00,3.0586,3.0245,3.0727,2.9865,1002.0430548700001
2021-06-08 14:15:00,3.0311,3.0234,3.0372,2.9945,82.12057466
2021-06-08 14:30:00,3.0183,3.0011,3.0189,2.9944,16.59293049
2021-06-08 14:45:00,2.9911,2.9869,3.004,2.9562,4892.53551938
2021-06-08 15:00:00,2.9878,2.9638,2.9934,2.9552,2722.30493335
2021-06-08 15:15:00,2.9305,2.8897,2.9305,2.8737,718.6120505499999
2021-06-08 15:30:00,2.9023,2.899,2.9108,2.8765,43.44133518
2021-06-08 15:45:00,2.9041,2.9402,2.9402,2.9041,87.75064093
2021-06-08 16:00:00,2.9468,3.0155,3.0155,2.9468,96.58261442
2021-06-08 16:15:00,3.0111,3.0155,3.0311,3.0,174.32809783
2021-06-08 16:30:00,3.0,2.9912,3.0126,2.9912,4.35245283
2021-06-08 16:45:00,2.9869,3.0,3.0,2.9772,253.10559014
2021-06-08 17:00:00,2.9921,2.9946,2.9946,2.9789,8.72546017
2021-06-08 17:30:00,2.9873,2.9873,2.9897,2.983,12.58263828
2021-06-08 17:45:00,2.9952,3.0311,3.0311,2.9952,39.72353516
2021-06-08 18:00:00,3.0306,3.0786,3.0786,3.0306,364.65250738
2021-06-08 18:15:00,3.0872,3.0593,3.0943,3.0593,44.78708207
2021-06-08 18:30:00,3.0638,3.0736,3.0749,3.0638,9.06066671
2021-06-08 18:45:00,3.0784,3.117,3.117,3.0784,110.06233115
2021-06-08 19:00:00,3.0977,3.0979,3.1156,3.0943,180.72555484
2021-06-08 19:15:00,3.1035,3.0953,3.1035,3.0943,3.7871369599999998
2021-06-08 19:30:00,3.1089,3.1244,3.1276,3.1089,42.27960875
2021-06-08 19:45:00,3.1103,3.1264,3.1264,3.1084,14.534053069999999
2021-06-08 20:00:00,3.1103,3.1085,3.1103,3.108,3.78264735
2021-06-08 20:15:00,3.0943,3.1426,3.1426,3.0897,299.84883331
2021-06-08 20:30:00,3.141,3.1616,3.1616,3.1383,219.50745902
2021-06-08 20:45:00,3.1752,3.1719,3.1838,3.1666,158.74840233999998
2021-06-08 21:00:00,3.1588,3.1752,3.1752,3.1506,13.66690933
2021-06-08 21:15:00,3.1588,3.1489,3.1588,3.1394,2972.17644272
2021-06-08 21:30:00,3.1359,3.1216,3.1359,3.1038,1220.93731919
2021-06-08 21:45:00,3.1264,3.1264,3.1528,3.1264,986.97068117
2021-06-08 22:00:00,3.1215,3.1233,3.1233,3.1207,0.5286873
2021-06-08 22:15:00,3.1404,3.1436,3.1494,3.1404,2470.42255124
2021-06-08 22:30:00,3.1588,3.1189,3.1588,3.1189,3016.96884275
2021-06-08 22:45:00,3.1269,3.1092,3.1269,3.0927,999.84717083
2021-06-08 23:00:00,3.1079,3.1414,3.1414,3.1079,841.39604815
2021-06-08 23:15:00,3.1256,3.1097,3.1285,3.1097,15.97055505
2021-06-08 23:30:00,3.1061,3.1249,3.1264,3.1046,3.32455011
2021-06-08 23:45:00,3.1281,3.1023,3.1281,3.1023,3.8024792499999998
2021-06-09 00:00:00,3.095,3.0467,3.1103,3.0467,64.87112415
2021-06-09 00:15:00,3.0539,3.024,3.0539,3.0128,30.83986381
2021-06-09 00:30:00,3.0202,3.0172,3.0311,3.0155,499.87792362
2021-06-09 00:45:00,3.0103,2.9804,3.0155,2.9804,23.51084719
2021-06-09 01:00:00,2.9826,2.9854,2.9995,2.9826,874.5284829699999
2021-06-09 01:15:00,2.9789,2.9812,2.9812,2.9789,173.53884637
2021-06-09 01:30:00,2.9838,2.9528,2.9851,2.9503,1636.66858239
2021-06-09 01:45:00,2.9524,2.9592,2.9592,2.9434,16.84953395
2021-06-09 02:00:00,2.9272,2.9538,2.9606,2.9272,1078.65711173
2021-06-09 02:15:00,2.9173,2.9193,2.9193,2.9124,5.89943165
2021-06-09 02:30:00,2.8934,2.9016,2.9016,2.8934,13.73442813
2021-06-09 02:45:00,2.942,2.9601,2.9601,2.942,13.20670626
2021-06-09 03:00:00,2.9344,2.938,2.9424,2.9089,1291.54875596
2021-06-09 03:15:00,2.9691,2.9977,2.9977,2.9691,1220.45861037
2021-06-09 03:30:00,2.9688,2.9746,2.9746,2.9684,12.61963787
2021-06-09 03:45:00,2.9862,2.9877,2.9877,2.9862,24.44240568
2021-06-09 04:00:00,2.9817,2.9534,2.9817,2.9457,4020.47402783
2021-06-09 04:15:00,2.9406,2.9459,2.9459,2.9406,8.75405639
2021-06-09 04:30:00,2.9755,2.9772,2.9772,2.9755,24.55907169
2021-06-09 05:00:00,3.0155,3.0311,3.0311,3.0155,5.59456801
2021-06-09 05:15:00,3.0467,3.0587,3.0784,3.0467,13.64595137
2021-06-09 05:30:00,3.0467,3.0625,3.0625,3.0436,1102.89983943
2021-06-09 05:45:00,3.0467,3.0534,3.0534,3.0428,3.79773577
2021-06-09 06:00:00,3.0502,3.0613,3.0613,3.0502,11.99695731
2021-06-09 06:15:00,3.0625,3.1103,3.1103,3.0625,12.89394044
2021-06-09 06:30:00,3.0943,3.1103,3.1103,3.0924,1138.40030387
2021-06-09 06:45:00,3.1233,3.1426,3.1426,3.1233,11.1646348
2021-06-09 07:00:00,3.1588,3.1972,3.2161,3.1546,7403.29387688
2021-06-09 07:15:00,3.1935,3.1845,3.1943,3.1752,38.19905561
2021-06-09 07:30:00,3.1916,3.2081,3.2081,3.1828,150.04252312
2021-06-09 07:45:00,3.2247,3.1893,3.2344,3.1893,1244.26614373
2021-06-09 08:00:00,3.1812,3.1782,3.1812,3.12,1447.81575813
2021-06-09 08:15:00,3.1776,3.1482,3.1827,3.1482,267.81051715
2021-06-09 08:30:00,3.1426,3.1421,3.1534,3.1264,65.21096451
2021-06-09 08:45:00,3.1588,3.1752,3.1814,3.1522,240.96662926000002
2021-06-09 09:00:00,3.1879,3.1752,3.1879,3.1543,11.264602660000001
2021-06-09 09:15:00,3.1765,3.1616,3.1826,3.1426,3666.74558958
2021-06-09 09:30:00,3.1426,3.1029,3.1426,3.098,2489.50242841
2021-06-09 09:45:00,3.0985,3.0508,3.0985,3.0467,600.38525228
2021-06-09 10:00:00,3.052,3.052,3.052,3.052,0.57413331
2021-06-09 10:15:00,3.0624,3.0788,3.0788,3.0624,41.92979404
2021-06-09 10:30:00,3.0723,3.0906,3.0983,3.07,830.57753159
2021-06-09 10:45:00,3.0867,3.0796,3.0992,3.0755,4.20375592
2021-06-09 11:00:00,3.0704,3.087,3.087,3.0689,32.37952126
2021-06-09 11:15:00,3.0943,3.0801,3.0943,3.0784,6.79191901
2021-06-09 11:30:00,3.0695,3.0788,3.0823,3.0695,676.80146033
2021-06-09 11:45:00,3.0943,3.1588,3.1588,3.0943,4982.91053505
2021-06-09 12:00:00,3.175,3.161,3.1752,3.1513,2046.78131255
2021-06-09 12:15:00,3.1638,3.1864,3.2081,3.1638,3169.46694888
2021-06-09 12:30:00,3.1679,3.1357,3.1679,3.1291,162.74306026
2021-06-09 12:45:00,3.1281,3.1171,3.1281,3.1103,42.46485565
2021-06-09 13:00:00,3.0976,3.0893,3.0976,3.081,1038.68567487
2021-06-09 13:15:00,3.1103,3.0932,3.1103,3.0863,26.71294896
2021-06-09 13:30:00,3.0784,3.0595,3.0784,3.0584,3352.91944487
2021-06-09 13:45:00,3.0467,3.0625,3.0625,3.0467,6.66277696
2021-06-09 14:00:00,3.0784,3.0893,3.101,3.0784,14.05030485
2021-06-09 14:15:00,3.0823,3.0005,3.0823,2.9988,4878.84548195
2021-06-09 14:30:00,3.0011,2.9909,3.0051,2.9451,18606.04766417
2021-06-09 14:45:00,2.9895,2.9192,2.9895,2.9062,201.33112796
2021-06-09 15:00:00,2.9364,2.9932,2.9992,2.9364,187.07858926
2021-06-09 15:15:00,3.0155,3.0554,3.0625,3.0155,1150.20996464
2021-06-09 15:30:00,3.0784,3.0829,3.0875,3.0723,4647.90907656
2021-06-09 15:45:00,3.0943,3.1559,3.1559,3.0943,8725.34640332
2021-06-09 16:00:00,3.1588,3.1264,3.1968,3.1089,2573.80696617
2021-06-09 16:15:00,3.1367,3.1516,3.1731,3.1329,1284.76142562
2021-06-09 16:30:00,3.1688,3.1952,3.1952,3.1426,73.78338631999999
2021-06-09 16:45:00,3.2007,3.1788,3.2081,3.16,91.57228411999999
2021-06-09 17:00:00,3.1712,3.1827,3.1827,3.1626,1080.24519075
2021-06-09 17:15:00,3.1819,3.1851,3.2149,3.1819,183.10681197
2021-06-09 17:30:00,3.1796,3.174,3.1796,3.1588,58.63765917
2021-06-09 17:45:00,3.1603,3.1663,3.1663,3.1426,81.54719374
2021-06-09 18:00:00,3.1752,3.172,3.1788,3.1572,39.07719749
2021-06-09 18:15:00,3.1546,3.0772,3.1546,3.0763,6220.98745019
2021-06-09 18:30:00,3.0729,3.0511,3.0729,3.043,63.24545203
2021-06-09 18:45:00,3.0521,3.0467,3.0698,3.0467,1450.41237527
2021-06-09 19:00:00,3.0622,3.0264,3.0625,3.0215,16.28207318
2021-06-09 19:15:00,3.0388,3.0517,3.0517,3.0388,54.99563009
2021-06-09 19:30:00,3.0443,3.0503,3.0528,3.0443,0.32117225000000005
2021-06-09 19:45:00,3.0311,3.0537,3.0537,3.0241,1772.15448651
2021-06-09 20:00:00,3.0396,3.0305,3.0396,3.0241,7.721978490000001
2021-06-09 20:15:00,3.0155,3.0082,3.0155,3.007,6.55416065
2021-06-09 20:30:00,3.0118,3.0184,3.0184,3.0118,24.189636789999998
2021-06-09 21:00:00,3.0311,3.0311,3.0311,3.0311,3.0823174
2021-06-09 21:15:00,3.0155,3.0148,3.0175,3.0112,3.9235292299999998
2021-06-09 21:30:00,3.0219,3.0352,3.0352,3.0219,3.15193911
2021-06-09 21:45:00,3.0467,3.0467,3.0467,3.0467,3.0823174
2021-06-09 22:00:00,3.0625,3.0625,3.0625,3.0625,3.0823174
2021-06-09 22:15:00,3.0784,3.0943,3.0943,3.0784,17.99305022
2021-06-09 22:30:00,3.0784,3.0895,3.0895,3.075,3.79900591
2021-06-09 22:45:00,3.0943,3.0984,3.0984,3.0943,3.10076959
2021-06-09 23:00:00,3.0784,3.1171,3.1171,3.0784,10.05435556
2021-06-09 23:15:00,3.0943,3.0958,3.0958,3.0943,3.90532163
2021-06-09 23:30:00,3.1103,3.1103,3.1103,3.1103,3.0823174
2021-06-09 23:45:00,3.123,3.1795,3.1795,3.123,97.39841731
2021-06-10 00:00:00,3.1916,3.2247,3.2414,3.1843,345.63522947
2021-06-10 00:15:00,3.2414,3.1809,3.2446,3.1752,360.09996258
2021-06-10 00:30:00,3.159,3.1398,3.159,3.1338,1025.9626613
2021-06-10 00:45:00,3.151,3.1345,3.1601,3.1345,29.979241849999998
2021-06-10 01:00:00,3.1443,3.1588,3.1588,3.1443,3.45247913
2021-06-10 01:15:00,3.1588,3.1588,3.1588,3.1588,33.68719642
2021-06-10 01:30:00,3.1426,3.1419,3.1433,3.1406,3.26966095
2021-06-10 01:45:00,3.1506,3.1339,3.1652,3.1313,230.36878224999998
2021-06-10 02:00:00,3.1264,3.1371,3.1371,3.1103,123.37881355
2021-06-10 02:15:00,3.1426,3.151,3.1699,3.1426,12.72717824
2021-06-10 02:30:00,3.16,3.1507,3.1638,3.1422,7.79198526
2021-06-10 02:45:00,3.1426,3.1557,3.1573,3.1384,6.71258886
2021-06-10 03:00:00,3.1588,3.1752,3.1752,3.1588,30.76358655
2021-06-10 03:15:00,3.1588,3.1523,3.1588,3.151,5.56266222
2021-06-10 03:30:00,3.1434,3.118,3.1434,3.118,33.67419253
2021-06-10 03:45:00,3.1231,3.0998,3.1231,3.0943,10.9400972
2021-06-10 04:00:00,3.0886,3.1321,3.1321,3.0886,12.81949804
2021-06-10 04:15:00,3.1293,3.1068,3.1293,3.1068,5.68023305
2021-06-10 04:30:00,3.1022,3.0844,3.1022,3.0693,11.92158606
2021-06-10 05:15:00,3.0639,3.0625,3.0681,3.0394,137.88038604
2021-06-10 05:30:00,3.0677,3.0784,3.0784,3.0677,14.974730000000001
2021-06-10 05:45:00,3.0625,3.0899,3.0901,3.0625,68.0828293
2021-06-10 06:00:00,3.0863,3.0531,3.0863,3.053,5.16020078
2021-06-10 06:15:00,3.0752,3.081,3.0843,3.0738,4.2404963
2021-06-10 06:30:00,3.0943,3.0681,3.0976,3.0625,34.077352239999996
2021-06-10 06:45:00,3.0701,3.0596,3.0765,3.059,15.97371851
2021-06-10 07:00:00,3.0641,3.084,3.084,3.054,40.09433292
2021-06-10 07:30:00,3.0625,3.0626,3.0647,3.0572,4.40776512
2021-06-10 07:45:00,3.0784,3.0836,3.0836,3.0784,3.1481701
2021-06-10 08:00:00,3.0625,3.0749,3.0784,3.0625,10.91435879
2021-06-10 08:15:00,3.0794,3.0884,3.0943,3.0794,3.3676067
2021-06-10 08:30:00,3.0784,3.043,3.0784,3.043,1033.25454735
2021-06-10 08:45:00,3.0311,3.0311,3.0311,3.0155,10.41695948
2021-06-10 09:00:00,3.0155,2.9857,3.0156,2.9831,56.80137781
2021-06-10 09:15:00,2.9681,2.9624,2.9687,2.962,25.28009069
2021-06-10 09:30:00,2.9686,3.0302,3.0313,2.9686,90.6555446
2021-06-10 09:45:00,3.0311,3.0467,3.0467,3.0311,26.17207325
2021-06-10 10:00:00,3.0444,3.0801,3.0962,3.0444,548.43587996
2021-06-10 10:15:00,3.0863,3.1078,3.1158,3.0861,77.87542174
2021-06-10 10:30:00,3.1048,3.099,3.1048,3.0943,3.61450349
2021-06-10 10:45:00,3.0842,3.0754,3.0842,3.0604,31.69514457
2021-06-10 11:00:00,3.0784,3.0784,3.0784,3.0784,3.0823174
2021-06-10 11:30:00,3.0625,3.0665,3.0665,3.0591,4.24018522
2021-06-10 12:00:00,3.0467,3.0472,3.0472,3.0441,3.93401604
2021-06-10 12:15:00,3.0311,3.0181,3.0311,3.0092,8.03120751
2021-06-10 12:30:00,3.0264,3.0367,3.0378,3.0264,131.10293214
2021-06-10 12:45:00,3.0467,3.0431,3.0625,3.0431,9.97446326
2021-06-10 13:00:00,3.0311,3.0357,3.0499,3.0311,6.8147102
2021-06-10 13:15:00,3.0311,3.0308,3.0322,3.0207,4.28581391
2021-06-10 13:30:00,3.0155,3.0311,3.0311,3.0155,6.654391840000001
2021-06-10 13:45:00,3.0467,3.0229,3.0467,3.0229,7.12031158
2021-06-10 14:00:00,3.0467,3.0155,3.0485,3.0,17.18032553
2021-06-10 14:15:00,3.0285,3.02,3.0392,3.0119,4778.95123488
2021-06-10 14:30:00,3.0219,3.0311,3.0467,3.0158,5123.13915677
2021-06-10 14:45:00,3.0337,3.01,3.0337,3.0,5675.88195747
2021-06-10 15:00:00,3.0155,3.0155,3.0155,3.0155,3.0823174
2021-06-10 15:15:00,3.0,3.0007,3.0052,2.9979,3.85744416
2021-06-10 15:30:00,2.9964,2.96,2.9964,2.96,36.713096050000004
2021-06-10 15:45:00,2.9615,2.9754,2.9754,2.9552,29.727810350000002
2021-06-10 16:15:00,2.949,2.9354,2.953,2.9354,13.349002890000001
2021-06-10 16:30:00,2.9399,2.9557,2.9557,2.9399,0.72697079
2021-06-10 16:45:00,2.9695,2.971,2.971,2.9695,231.01344863000003
2021-06-10 17:15:00,2.9,2.9,2.9,2.9,20.0
2021-06-10 17:30:00,2.9109,2.9226,2.9226,2.8972,66.02960125999999
2021-06-10 20:00:00,2.871,2.8737,2.8759,2.8704,2205.6702459
2021-06-10 20:30:00,2.8681,2.8719,2.8756,2.8663,2236.5816143800002
2021-06-10 20:45:00,2.9136,2.9437,2.9437,2.9136,104.05390199
2021-06-10 21:00:00,2.973,2.9819,2.9819,2.9667,12.509574950000001
2021-06-10 21:15:00,2.9974,3.0559,3.0559,2.9974,54.70759211
2021-06-10 21:30:00,3.0513,3.0625,3.0784,3.043,13.64488375
2021-06-10 21:45:00,3.0475,3.0472,3.0635,3.0417,8833.42932031
2021-06-10 22:00:00,3.0464,3.0635,3.07,3.0464,81.4768988
2021-06-10 22:15:00,3.0734,3.0474,3.0734,3.0467,1291.99918097
2021-06-10 22:30:00,3.0353,3.0492,3.0492,3.0311,30.77114392
2021-06-10 22:45:00,3.0498,3.0553,3.0784,3.0498,395.21869472
2021-06-10 23:00:00,3.0581,3.0581,3.0581,3.0581,0.01842669
2021-06-10 23:15:00,3.0467,3.0467,3.0467,3.0467,3.0823174
2021-06-10 23:30:00,3.0311,3.0311,3.0311,3.0311,3.0823174
2021-06-10 23:45:00,3.0291,3.0103,3.0373,3.0103,549.4013678
2021-06-11 00:00:00,3.0163,3.0625,3.0625,2.9845,44.77058596
2021-06-11 00:15:00,3.0467,3.0,3.0467,3.0,2963.46515852
2021-06-11 00:30:00,2.9971,2.978,2.9971,2.9727,161.93015824
2021-06-11 01:15:00,2.9118,2.9149,2.9215,2.9115,22.68088622
2021-06-11 01:30:00,2.9127,2.92,2.9254,2.9111,106.02948747
2021-06-11 01:45:00,2.9331,2.9331,2.9331,2.9331,0.02323181
2021-06-11 02:15:00,2.8921,2.8918,2.8994,2.8918,6.0957547000000005
2021-06-11 02:30:00,2.8987,2.8987,2.8992,2.8982,4.56971631
2021-06-11 02:45:00,2.9151,2.9151,2.9151,2.9151,4.16778358
2021-06-11 03:00:00,2.9313,2.9365,2.9368,2.9313,3093.26821686
2021-06-11 05:30:00,2.9432,2.9456,2.9456,2.9327,7414.5902898
2021-06-11 06:15:00,2.9127,2.9009,2.9127,2.8974,44.23834289
2021-06-11 06:30:00,2.8972,2.8973,2.8973,2.8972,1727.6114770000001
2021-06-11 07:00:00,2.8519,2.8453,2.8557,2.8375,1410.83285345
2021-06-11 07:30:00,2.8807,2.8825,2.8825,2.8807,12.618596140000001
2021-06-11 09:15:00,2.9134,2.9281,2.936,2.9134,6729.79962076
2021-06-11 09:30:00,2.9499,2.9359,2.9499,2.9309,25.760983369999998
2021-06-11 10:15:00,2.938,2.9332,2.938,2.9332,104.1306719
2021-06-11 10:30:00,2.9398,2.9404,2.9404,2.9398,12.39934612
2021-06-11 11:00:00,2.9422,2.9422,2.9422,2.9422,3.457953
2021-06-11 11:30:00,2.9225,2.9242,2.9242,2.9196,25.89831328
2021-06-11 12:15:00,2.886,2.8975,2.8975,2.886,86.69166253
2021-06-11 13:00:00,2.9155,2.9155,2.9155,2.9155,4.15416897
2021-06-11 13:15:00,2.925,2.9257,2.9257,2.925,15.0
2021-06-11 13:30:00,2.9376,2.9447,2.9447,2.9376,97.11058412
